bw,loss,delay_c2_ms,udp_off_mean,iter,md5_hash_1,md5_hash_2,ttc1,ttc2,size1_bytes,size2_bytes,thr1_mbps,thr2_mbps,link_util,jfi 
100,0,5,None,0,67d9ea16a7ca6be5ba14a8def4dd8473,67d9ea16a7ca6be5ba14a8def4dd8473,8.194374,8.180434,32317690,32317690,31.551101,31.604865,0.631560,0.999999
100,0,10,None,0,67d9ea16a7ca6be5ba14a8def4dd8473,67d9ea16a7ca6be5ba14a8def4dd8473,8.116336,9.903686,32317690,32317690,31.854463,26.105585,0.579600,0.990258
100,0,15,None,0,67d9ea16a7ca6be5ba14a8def4dd8473,67d9ea16a7ca6be5ba14a8def4dd8473,7.991812,11.790102,32317690,32317690,32.350803,21.928692,0.542795,0.964444
100,0,20,None,0,67d9ea16a7ca6be5ba14a8def4dd8473,67d9ea16a7ca6be5ba14a8def4dd8473,9.328051,13.770669,32317690,32317690,27.716563,18.774797,0.464914,0.964328
100,0,25,None,0,67d9ea16a7ca6be5ba14a8def4dd8473,67d9ea16a7ca6be5ba14a8def4dd8473,7.969601,76.667788,32317690,32317690,32.440962,3.372231,0.358132,0.602839
