bw,loss,delay_c2_ms,udp_off_mean,iter,md5_hash_1,md5_hash_2,ttc1,ttc2,size1_bytes,size2_bytes,thr1_mbps,thr2_mbps,link_util,jfi 
100,0.0,5,None,0,67d9ea16a7ca6be5ba14a8def4dd8473,67d9ea16a7ca6be5ba14a8def4dd8473,8.231618,8.216861,32317690,32317690,31.408347,31.464757,0.628731,0.999999
100,0.5,5,None,0,67d9ea16a7ca6be5ba14a8def4dd8473,67d9ea16a7ca6be5ba14a8def4dd8473,54.945055,59.313090,32317690,32317690,4.705456,4.358929,0.090644,0.998541
100,1.0,5,None,0,67d9ea16a7ca6be5ba14a8def4dd8473,67d9ea16a7ca6be5ba14a8def4dd8473,76.967673,74.561109,32317690,32317690,3.359092,3.467512,0.068266,0.999748
100,1.5,5,None,0,67d9ea16a7ca6be5ba14a8def4dd8473,67d9ea16a7ca6be5ba14a8def4dd8473,119.351286,101.797775,32317690,32317690,2.166223,2.539756,0.047060,0.993739
100,2.0,5,None,0,67d9ea16a7ca6be5ba14a8def4dd8473,67d9ea16a7ca6be5ba14a8def4dd8473,113.158561,117.721488,32317690,32317690,2.284772,2.196213,0.044810,0.999610
